cust_id,join_date,gender,age,marital_status,household_income,home_ownership,num_children,num_vehicles,last_purchase_date,spend
CUST-074173,2021-12-05 07:31:01,F,32,unmarried,403392,own,5,3,2021-06-28 12:39:52,1795
CUST-435863,2017-08-23 01:49:14,M,55,unmarried,147987,own,4,4,2021-04-07 23:17:57,2883
CUST-462533,2020-02-15 13:50:42,F,40,married,250200,own,3,2,2021-09-23 07:23:40,5651
CUST-725148,2018-08-07 20:05:38,F,49,married,208144,own,1,1,2021-04-20 22:41:16,4106
CUST-872831,2018-09-26 12:26:43,F,35,unmarried,393603,own,2,1,2021-01-17 07:47:25,2155
CUST-704536,2019-11-01 05:00:35,F,50,married,255158,unknown,4,5,2021-11-24 21:44:48,2813
CUST-069268,2021-02-07 16:39:58,F,42,married,272906,own,1,0,2021-02-17 01:59:19,5918
CUST-455101,2017-05-19 05:35:00,F,39,unmarried,375662,own,2,5,2021-04-14 12:56:14,3531
CUST-308311,2019-08-16 05:17:21,M,49,married,440283,unknown,1,3,2021-09-24 00:56:15,2322
CUST-970048,2019-10-06 15:40:09,F,40,married,417965,own,0,4,2021-12-30 14:37:06,7096
CUST-773132,2019-05-31 02:37:41,F,28,married,284719,own,3,4,2021-07-07 20:39:59,5823
CUST-099401,2017-08-10 10:11:51,F,27,married,276421,unknown,0,5,2021-09-05 22:33:57,2942
CUST-390462,2021-06-17 05:34:13,F,23,married,351874,own,3,2,2021-03-13 07:24:07,5683
CUST-145628,2019-06-08 13:09:04,M,34,unmarried,87743,own,2,5,2021-05-13 11:38:33,4346
CUST-319710,2021-02-12 06:30:49,F,56,married,164539,rent,5,4,2021-07-26 02:07:32,2312
CUST-391041,2020-08-23 05:12:22,M,23,unmarried,480374,own,5,1,2021-08-22 02:35:27,1850
CUST-848727,2017-11-23 02:02:26,F,45,unmarried,319700,own,2,4,2021-11-28 07:34:30,3260
CUST-393682,2020-08-01 06:40:04,M,52,married,119728,own,2,0,2021-08-07 13:37:25,4092
CUST-377557,2020-07-23 01:41:40,M,52,unmarried,137279,own,1,4,2021-10-10 03:18:07,4698
CUST-150212,2021-12-27 04:43:37,M,40,married,198877,own,4,4,2021-09-12 10:15:17,4141
CUST-888868,2018-08-23 19:52:18,F,38,married,145352,unknown,3,3,2021-07-18 00:48:29,2451
CUST-630558,2018-09-09 04:53:22,M,45,married,460822,rent,2,2,2021-08-20 04:43:43,1735
CUST-120777,2017-02-12 21:27:07,F,47,married,78098,unknown,1,4,2021-11-20 18:56:13,4520
CUST-136473,2020-08-22 13:35:31,M,21,married,353227,own,3,3,2021-10-10 07:12:38,2641
CUST-747131,2018-10-09 16:30:26,F,45,married,265379,own,5,0,2021-05-03 09:25:38,7218
CUST-499331,2020-05-04 04:36:04,F,54,married,288828,own,1,2,2021-04-09 17:38:19,7304
CUST-445429,2021-10-01 12:12:46,F,30,married,391635,own,2,1,2021-09-24 09:56:01,6895
CUST-537423,2020-07-09 08:57:29,M,56,married,421403,own,5,5,2021-05-20 15:24:15,2905
CUST-532660,2018-10-20 15:07:08,M,50,married,384763,own,2,3,2021-09-24 16:07:16,5254
CUST-995355,2017-05-24 18:41:41,F,32,unmarried,423981,unknown,0,3,2021-07-04 04:53:46,4576
CUST-063078,2019-10-27 11:45:23,M,54,married,467311,own,2,0,2021-03-08 06:58:34,2385
CUST-845165,2021-06-23 14:39:55,F,24,married,112153,rent,2,4,2021-01-08 00:47:50,2003
CUST-910457,2017-07-10 07:17:39,F,43,married,437499,unknown,1,4,2021-04-16 11:30:10,2173
CUST-466357,2019-01-15 17:28:59,M,42,unmarried,156093,own,4,5,2021-05-04 23:19:27,4060
CUST-754752,2018-03-29 22:31:15,F,20,unmarried,176801,rent,3,1,2021-05-10 16:52:49,4124
CUST-810623,2018-03-22 06:09:22,M,31,married,72313,rent,5,0,2021-08-16 21:08:14,4819
CUST-371106,2019-08-22 08:09:32,F,46,married,343842,own,1,4,2021-04-18 17:29:58,6063
CUST-542573,2020-12-02 23:13:15,M,37,married,439778,own,1,2,2021-11-18 18:10:30,3210
CUST-330518,2018-09-07 06:03:09,M,45,married,176470,rent,0,2,2021-05-15 04:14:18,1931
CUST-546067,2018-11-07 16:19:49,F,35,married,222883,rent,2,0,2021-04-28 14:44:46,1675
CUST-959520,2017-07-25 19:21:21,M,40,unmarried,223114,rent,0,2,2021-04-15 23:11:37,3068
CUST-805673,2019-11-12 07:35:58,F,47,married,251029,own,3,3,2021-06-01 14:18:41,4956
CUST-274771,2019-04-29 04:23:33,F,48,married,83371,rent,3,0,2021-01-18 14:21:10,3689
CUST-923030,2021-12-29 17:02:18,M,27,unmarried,287546,rent,0,0,2021-12-12 00:44:24,2820
CUST-041334,2018-11-03 08:39:54,M,38,married,214026,rent,0,2,2021-02-02 19:36:20,1850
CUST-746937,2019-07-03 12:02:37,F,42,married,410289,own,2,1,2021-09-12 00:30:10,5931
CUST-650161,2020-10-21 12:17:46,F,22,married,383979,own,1,3,2021-04-30 10:05:16,6172
CUST-363009,2021-04-04 20:04:35,F,23,married,68176,rent,5,0,2021-04-22 04:37:21,4135
CUST-281179,2021-10-16 21:32:33,F,55,married,396173,own,5,2,2021-09-02 16:14:32,5245
CUST-127274,2018-04-19 08:30:37,F,41,unmarried,392395,own,0,4,2021-10-31 11:15:09,4749
CUST-438234,2020-03-21 17:53:19,F,37,married,187517,rent,4,2,2021-04-20 03:17:35,2316
CUST-221883,2019-11-19 07:00:54,F,28,married,374325,own,0,1,2021-05-08 04:08:34,7284
CUST-263194,2019-11-04 14:27:32,F,21,unmarried,471533,own,4,3,2021-05-30 16:26:10,4491
CUST-027861,2019-09-02 10:23:25,F,20,unmarried,188729,rent,0,1,2021-03-06 06:00:52,4524
CUST-163482,2020-09-19 16:27:19,F,40,married,489951,rent,0,3,2021-06-04 16:44:15,2008
CUST-315218,2019-01-03 01:55:06,F,30,married,311615,own,2,5,2021-10-30 11:30:25,6583
CUST-109012,2020-06-18 21:02:13,F,40,married,310243,rent,1,3,2021-03-14 12:28:00,2963
CUST-494195,2021-07-04 03:01:25,F,31,married,420873,own,4,0,2021-09-26 02:42:21,5698
CUST-200828,2021-01-05 07:29:22,M,24,married,119970,unknown,1,3,2021-03-05 11:21:47,4963
CUST-868767,2020-09-19 21:26:01,M,38,married,233443,rent,4,4,2021-06-04 15:25:39,2041
CUST-193804,2018-10-23 04:32:53,M,24,unmarried,161222,own,4,4,2021-07-31 08:17:39,3557
CUST-257879,2021-02-18 10:25:59,M,39,married,394709,own,5,5,2021-09-11 15:21:53,4778
CUST-368599,2020-12-01 18:09:17,F,41,married,224484,own,4,4,2021-05-26 21:29:05,3063
CUST-601411,2021-10-08 20:52:00,M,43,married,309090,own,3,2,2021-10-31 15:26:34,2775
CUST-139757,2020-02-01 18:49:53,F,24,married,430557,unknown,3,4,2021-09-29 13:27:43,2020
CUST-395562,2020-08-15 17:27:51,M,54,married,86505,rent,5,1,2021-05-21 21:53:08,2069
CUST-139520,2017-02-09 12:48:19,F,48,married,431243,own,3,3,2021-03-19 13:29:31,7229
CUST-462406,2021-09-17 16:34:00,F,40,married,393349,own,1,5,2021-04-24 15:59:56,5282
CUST-279287,2021-04-30 09:51:14,F,22,married,365141,own,3,3,2021-09-05 14:04:53,4974
CUST-877622,2017-09-22 02:01:14,F,21,married,451639,own,5,2,2021-06-04 11:05:09,5660
CUST-677735,2020-03-12 19:26:30,F,22,married,322210,own,3,3,2021-09-29 17:08:46,6083
CUST-178613,2021-07-14 09:21:01,F,27,unmarried,177730,own,1,2,2021-05-02 17:47:42,2016
CUST-887570,2019-05-28 18:41:02,M,52,unmarried,450009,own,3,4,2021-03-11 14:58:50,4964
CUST-043221,2021-03-30 05:17:34,F,30,married,148951,rent,2,2,2021-07-22 12:04:08,2221
CUST-207249,2017-07-18 15:38:14,F,54,married,464709,rent,1,5,2021-08-02 21:07:04,4311
CUST-073616,2017-04-19 21:43:45,F,25,married,144856,rent,1,1,2021-11-24 05:09:50,4791
CUST-060496,2021-02-25 11:16:47,M,46,married,104809,own,0,1,2021-11-30 09:23:17,3146
CUST-189593,2018-09-28 18:52:10,F,50,married,311918,own,1,1,2021-04-19 05:18:27,6641
CUST-648241,2021-06-11 01:45:00,F,39,married,166482,rent,5,5,2021-06-14 05:13:49,2261
CUST-223051,2019-04-25 00:39:20,F,35,married,431542,rent,5,5,2021-05-05 16:59:40,3730
CUST-286759,2021-01-15 11:56:34,M,52,married,97630,own,2,3,2021-06-24 13:56:22,2296
CUST-129840,2018-08-11 02:13:02,F,34,married,225254,own,2,1,2021-07-11 09:41:00,4941
CUST-971141,2019-03-03 18:07:49,F,24,married,394576,rent,2,4,2021-11-24 08:48:14,3052
CUST-741382,2017-12-20 12:05:51,F,42,married,202122,own,3,4,2021-09-21 17:16:39,4006
CUST-586459,2019-11-03 16:43:08,F,32,married,137189,rent,2,5,2021-10-13 22:18:26,1978
CUST-794043,2018-10-18 12:14:24,F,34,married,479292,rent,3,2,2021-10-06 10:25:58,4622
CUST-519739,2017-10-28 23:55:14,F,23,unmarried,326463,rent,4,4,2021-04-02 13:09:20,4698
CUST-207426,2017-09-29 04:17:43,F,42,married,208219,own,4,4,2021-12-14 22:11:38,1709
CUST-434161,2020-10-03 04:24:44,M,21,married,365819,rent,0,5,2021-03-22 06:31:00,3880
CUST-575928,2019-08-18 04:24:31,F,44,married,372690,own,2,5,2021-01-21 01:52:21,5648
CUST-687531,2020-03-16 03:43:52,F,40,married,252551,own,2,2,2021-09-28 18:15:42,6581
CUST-560869,2021-04-06 23:06:22,F,23,married,256934,own,2,0,2021-07-23 03:45:42,6959
CUST-216486,2021-10-09 21:31:13,F,37,married,248474,own,0,4,2021-02-15 15:10:33,3834
CUST-690725,2021-01-02 01:51:44,F,49,married,342954,own,4,3,2021-02-26 10:46:36,5009
CUST-284085,2017-10-14 10:16:26,M,20,married,311655,unknown,3,2,2021-01-18 10:28:21,4076
CUST-606123,2019-08-08 22:11:48,F,42,married,454969,own,0,3,2021-04-02 13:03:17,7257
CUST-392598,2018-05-21 16:34:43,M,42,married,300827,own,2,4,2021-11-26 21:19:34,3285
CUST-306334,2018-04-19 00:07:33,M,55,unmarried,416893,rent,3,1,2021-06-13 18:33:57,4094
CUST-376106,2021-11-29 16:28:44,F,56,married,429268,own,3,5,2021-06-05 14:57:11,6554
CUST-741104,2019-06-17 01:14:50,F,23,married,257393,own,2,1,2021-03-15 01:37:05,6240
CUST-873560,2020-04-18 01:29:45,F,21,married,459790,own,0,1,2021-05-12 17:02:01,5021
CUST-003686,2020-07-06 19:22:38,F,55,married,259666,own,1,2,2021-02-22 00:28:11,6184
CUST-643348,2020-09-28 00:55:25,F,40,married,298131,rent,4,4,2021-01-25 09:09:53,1926
CUST-210977,2020-04-03 20:10:51,M,28,married,462968,own,2,3,2021-03-18 16:50:08,2393
CUST-065841,2017-09-02 02:51:53,F,47,unmarried,226791,own,4,5,2021-05-26 04:22:49,1845
CUST-757675,2018-08-10 17:31:46,M,28,married,224252,unknown,1,5,2021-07-13 01:31:34,2740
CUST-727393,2017-03-27 01:16:24,F,52,married,203218,own,0,0,2021-07-17 23:30:35,4873
CUST-485288,2019-09-04 11:39:14,M,20,married,475815,rent,3,2,2021-10-26 14:51:04,1961
CUST-820893,2017-01-18 07:08:13,M,54,married,336658,rent,4,4,2021-11-16 20:32:40,3759
CUST-456963,2018-03-12 20:20:54,M,24,married,111746,own,5,5,2021-07-17 23:16:34,1841
CUST-857477,2019-01-08 02:03:14,F,29,married,321828,own,0,3,2021-09-02 17:56:55,6958
CUST-020727,2021-09-10 06:56:49,F,26,married,455721,own,4,3,2021-04-15 07:06:47,6852
CUST-346850,2018-01-18 11:37:04,F,22,married,109045,unknown,2,2,2021-10-30 08:31:58,2305
CUST-469433,2018-12-14 16:45:00,M,31,unmarried,181994,own,3,0,2021-11-11 09:35:43,3480
CUST-516541,2017-11-01 01:09:23,F,23,married,436807,own,2,5,2021-06-13 11:42:02,5789
CUST-272190,2018-09-06 17:41:46,M,36,married,379011,own,5,3,2021-10-24 20:50:49,5199
CUST-302860,2019-07-24 19:57:59,F,27,married,483387,rent,1,3,2021-09-16 12:56:07,3284
CUST-872448,2020-08-27 08:49:35,F,24,married,468476,rent,3,0,2021-03-09 21:38:01,4453
CUST-873353,2019-07-11 12:43:41,F,24,married,485296,rent,2,5,2021-11-19 00:40:09,1939
CUST-660622,2018-03-20 21:32:56,F,23,married,248001,rent,1,5,2021-12-19 03:54:38,2940
CUST-035172,2019-07-31 10:57:53,F,24,unmarried,475719,own,1,4,2021-11-29 04:40:36,4801
CUST-239794,2021-10-14 19:38:17,F,40,married,378614,own,1,5,2021-05-10 10:26:10,7262
CUST-166548,2021-06-16 09:21:24,F,52,unmarried,200153,own,3,5,2021-12-21 07:07:56,5080
CUST-409455,2018-06-05 00:52:05,F,56,unmarried,260989,own,2,4,2021-05-20 20:21:23,5282
CUST-328517,2018-09-20 12:20:13,F,54,married,431480,own,1,4,2021-09-13 11:29:39,5318
CUST-000554,2019-08-16 18:40:21,M,43,married,89098,unknown,0,5,2021-10-25 10:38:07,4387
CUST-757476,2017-07-31 09:31:53,F,21,married,278637,rent,1,0,2021-08-09 06:26:33,4402
CUST-849359,2018-12-25 11:15:44,F,42,married,209277,own,1,3,2021-08-07 01:06:11,4496
CUST-605615,2018-09-22 16:28:22,F,36,married,256593,own,5,2,2021-01-06 06:26:24,5073
CUST-014615,2019-09-06 21:38:33,M,37,married,215992,own,4,4,2021-08-11 03:07:17,3721
CUST-734848,2021-12-28 06:53:23,M,37,unmarried,386447,own,1,4,2021-01-10 17:54:00,3512
CUST-260666,2019-11-25 11:40:36,F,37,unmarried,183877,own,2,4,2021-01-26 16:46:51,2965
CUST-894475,2019-10-12 14:17:58,F,29,married,79724,rent,5,0,2021-04-20 01:40:05,1870
CUST-403224,2017-07-10 14:12:44,F,37,married,239739,own,2,2,2021-10-23 17:51:47,3799
CUST-691217,2018-12-06 15:02:41,M,54,married,293540,own,0,0,2021-02-03 09:52:51,1927
CUST-652019,2020-01-02 03:33:41,F,27,married,88196,rent,5,4,2021-01-13 04:43:17,2950
CUST-574964,2019-11-11 08:54:57,F,34,married,212453,rent,5,0,2021-09-29 19:30:42,4274
CUST-618558,2017-04-16 12:36:29,F,41,married,476442,own,1,0,2021-07-28 21:19:37,6276
CUST-736114,2017-12-25 20:02:13,M,29,married,251640,rent,2,5,2021-04-25 03:05:18,2318
CUST-965546,2019-07-31 04:48:44,F,23,married,443954,rent,5,3,2021-05-19 23:27:24,4978
CUST-613969,2019-03-02 14:20:20,F,56,unmarried,183172,own,4,1,2021-06-21 06:23:39,2990
CUST-382478,2017-08-07 20:33:57,M,48,married,145153,unknown,0,4,2021-10-24 19:21:28,4499
CUST-246096,2020-04-16 21:01:31,F,39,married,402325,own,0,0,2021-09-10 07:36:22,6943
CUST-505485,2021-06-24 03:39:27,F,40,married,199639,rent,3,5,2021-06-25 10:13:22,3718
CUST-123674,2020-06-01 18:50:45,M,25,married,325586,own,1,0,2021-04-04 10:55:15,2318
CUST-017873,2020-06-18 18:57:38,M,35,unmarried,368586,own,3,1,2021-11-17 07:20:00,5123
CUST-257873,2017-03-01 09:27:30,F,55,married,203445,own,1,2,2021-07-20 12:13:58,2390
CUST-084087,2018-02-24 11:48:55,F,27,unmarried,459744,own,1,4,2021-02-13 23:17:26,4893
CUST-633833,2019-01-18 01:56:34,M,39,married,293153,own,2,5,2021-12-13 05:06:08,3214
CUST-732094,2021-03-28 01:44:46,M,36,unmarried,338604,own,4,5,2021-12-06 06:26:25,4307
CUST-745098,2018-11-14 10:30:14,M,33,married,213860,rent,3,3,2021-11-19 03:39:38,2040
CUST-082579,2020-10-26 22:55:58,M,30,married,279229,rent,2,2,2021-05-02 06:02:24,5400
CUST-353231,2019-10-25 00:19:51,F,54,married,411855,own,3,3,2021-02-15 17:05:36,6944
CUST-763615,2017-01-31 00:00:54,F,27,unmarried,393740,own,4,5,2021-04-27 17:50:57,4375
CUST-766599,2020-02-29 07:17:53,M,52,married,434814,own,3,5,2021-05-20 11:17:31,1869
CUST-125952,2020-07-15 03:40:27,M,40,unmarried,483830,own,1,4,2021-11-28 20:59:25,4645
CUST-046935,2020-09-12 05:59:23,F,32,unmarried,149741,unknown,3,5,2021-02-27 12:33:48,2149
CUST-204838,2019-03-01 01:59:49,M,35,married,324750,own,1,5,2021-05-29 01:07:05,5235
CUST-835044,2021-05-22 02:56:25,F,28,married,169311,unknown,4,0,2021-01-31 03:12:02,4448
CUST-540531,2018-04-28 10:13:02,F,20,married,484967,own,4,5,2021-02-19 20:30:33,5878
CUST-715754,2017-02-26 00:56:03,M,48,unmarried,313315,own,4,3,2021-06-09 12:15:32,2132
CUST-081441,2017-01-05 22:42:16,F,39,married,387746,rent,3,0,2021-12-18 13:23:10,4016
CUST-821341,2019-05-01 22:52:21,F,24,married,306894,own,3,1,2021-04-03 10:13:44,6255
CUST-585261,2020-11-24 08:18:46,M,50,married,306573,own,4,3,2021-01-15 09:59:44,3010
CUST-329271,2017-12-30 22:28:56,F,42,married,214567,own,3,2,2021-01-18 22:54:58,4456
CUST-475630,2020-01-23 05:58:04,F,38,married,399389,unknown,4,2,2021-12-17 08:48:52,3566
CUST-322511,2020-10-07 12:47:58,F,32,married,428057,own,0,5,2021-11-23 05:38:20,5962
CUST-692106,2017-07-29 11:41:40,M,25,unmarried,106937,rent,4,1,2021-08-31 05:07:02,3491
CUST-518497,2017-08-29 01:06:52,F,44,unmarried,392404,own,0,0,2021-03-26 15:14:07,3096
CUST-417497,2017-05-02 00:50:15,F,20,married,471720,rent,5,2,2021-06-24 23:33:25,1516
CUST-193316,2021-12-24 15:44:07,F,29,married,484489,own,5,2,2021-09-24 05:10:19,5638
CUST-624651,2019-01-08 06:14:17,M,40,married,298088,unknown,4,4,2021-10-07 01:11:40,1704
CUST-240727,2018-05-16 13:18:40,F,40,married,347798,own,5,3,2021-04-03 09:05:48,5067
CUST-234054,2021-11-03 12:22:41,F,28,unmarried,65866,own,3,2,2021-11-04 12:34:57,4963
CUST-793392,2021-05-13 22:01:54,F,23,married,346512,rent,5,0,2021-10-30 20:46:52,4115
CUST-283634,2021-05-10 07:50:09,M,28,married,307209,own,1,1,2021-03-03 14:58:36,3914
CUST-405920,2019-04-24 23:42:13,M,41,married,452363,own,1,1,2021-07-25 09:43:29,4367
CUST-995947,2020-01-27 05:26:12,F,46,married,296772,unknown,1,0,2021-05-27 08:52:38,1530
CUST-581543,2021-01-29 12:51:40,F,20,married,238261,own,2,0,2021-06-03 17:16:29,4044
CUST-133023,2017-12-24 18:50:01,F,26,unmarried,309910,unknown,1,1,2021-01-20 05:00:46,1507
CUST-323284,2021-01-12 05:45:17,F,42,unmarried,432482,own,2,2,2021-02-24 19:38:58,1866
CUST-860817,2021-11-04 23:12:49,F,27,married,352317,own,1,3,2021-10-23 08:41:52,6691
CUST-255584,2018-01-16 13:13:44,M,21,unmarried,294201,own,3,5,2021-01-18 23:33:12,5422
CUST-274953,2020-11-30 18:39:04,M,43,married,163838,own,2,0,2021-02-17 09:03:30,2870
CUST-695761,2018-02-22 12:32:10,M,22,married,362242,own,2,0,2021-05-21 05:36:15,4177
CUST-256313,2018-02-20 00:25:30,M,24,married,411957,rent,2,5,2021-08-14 14:58:39,2485
CUST-001235,2018-07-20 21:07:28,F,32,unmarried,171303,own,2,4,2021-12-04 15:43:04,5387
CUST-384004,2021-11-01 15:12:44,F,48,unmarried,373343,own,4,2,2021-09-14 14:38:28,4588
CUST-572476,2019-02-05 23:09:12,F,25,married,429168,own,0,4,2021-07-27 10:58:10,4941
CUST-199733,2021-04-28 18:27:40,F,52,married,348662,rent,0,4,2021-09-10 18:18:03,4969
CUST-974879,2020-01-25 05:29:42,F,27,married,124362,unknown,4,5,2021-01-14 03:18:05,4565
CUST-113579,2021-01-01 16:33:32,M,34,married,471574,own,5,4,2021-01-02 12:33:22,5058
CUST-154095,2019-11-27 06:04:34,F,34,married,411365,unknown,5,1,2021-11-19 12:37:23,4920
CUST-198668,2018-11-20 05:11:34,F,40,married,351224,own,2,3,2021-06-05 21:46:40,5718
CUST-773741,2021-04-27 19:22:07,F,37,married,431254,rent,4,2,2021-09-08 16:05:26,4895
CUST-517063,2017-06-20 16:20:13,F,20,unmarried,217526,rent,5,3,2021-06-28 12:04:01,2505
CUST-120143,2017-08-16 07:34:35,F,21,unmarried,333903,own,3,2,2021-07-24 00:32:43,5398
CUST-086705,2017-10-03 20:41:57,F,44,married,129464,rent,3,4,2021-12-03 05:10:08,3004
CUST-557067,2019-12-30 15:15:04,F,29,married,370551,own,1,4,2021-03-24 17:39:00,5703
CUST-863895,2018-01-20 07:18:54,F,30,unmarried,481008,own,4,2,2021-12-31 09:46:09,3241
CUST-696592,2019-02-20 05:02:00,F,31,married,393608,own,0,3,2021-06-07 01:34:43,5364
CUST-493868,2018-05-09 10:48:41,M,45,married,331934,rent,0,4,2021-09-02 02:40:10,2248
CUST-791041,2021-06-30 03:53:28,M,35,married,237897,rent,3,3,2021-05-03 04:23:48,2772
CUST-705229,2018-03-04 22:54:52,F,55,married,397780,own,2,0,2021-06-07 08:38:47,5008
CUST-223628,2017-07-21 04:03:24,F,42,married,409829,own,2,5,2021-06-18 23:40:50,4944
CUST-168038,2021-05-24 00:45:14,F,20,married,394914,own,0,0,2021-12-25 08:32:18,5644
CUST-468625,2018-05-18 13:36:17,F,45,married,441424,own,3,0,2021-05-11 08:55:59,6345
CUST-786961,2021-11-11 01:09:25,F,21,married,171000,unknown,2,4,2021-10-02 05:21:02,1923
CUST-755486,2018-01-12 15:00:10,M,25,married,427380,rent,2,0,2021-09-13 06:46:40,4940
CUST-385604,2018-05-12 03:09:10,M,34,married,406933,own,2,4,2021-09-18 06:22:13,4290
CUST-122554,2017-03-15 06:13:59,M,36,unmarried,120881,rent,2,2,2021-03-15 18:37:54,1615
CUST-338988,2018-06-28 23:45:09,F,50,married,342333,own,2,4,2021-12-30 11:42:00,5260
CUST-047102,2019-11-03 01:06:33,F,55,unmarried,480929,own,1,0,2021-02-14 23:22:41,2126
CUST-688373,2020-05-21 23:07:01,M,26,unmarried,214143,own,1,3,2021-08-02 17:17:35,1893
CUST-413843,2018-05-27 03:53:47,F,20,married,341018,rent,4,3,2021-07-20 04:20:28,3821
CUST-476997,2020-03-20 09:41:45,M,46,married,207568,rent,3,4,2021-07-09 04:39:44,4947
CUST-036060,2019-12-19 11:17:14,M,54,unmarried,382432,own,3,1,2021-04-05 16:29:22,2731
CUST-703422,2019-05-09 11:49:28,F,32,married,235629,own,3,2,2021-07-10 04:42:46,4289
CUST-136858,2018-11-08 20:28:02,F,26,unmarried,341270,own,1,4,2021-10-05 17:06:16,3327
CUST-773503,2021-02-13 09:24:50,F,56,married,69289,rent,3,2,2021-07-15 10:06:27,2223
CUST-426072,2018-02-12 00:30:51,F,35,married,423249,own,1,2,2021-03-03 12:36:45,6762
CUST-213398,2019-07-05 00:42:10,F,47,married,407881,own,3,2,2021-04-17 08:43:20,6692
CUST-636205,2019-12-18 18:59:48,F,35,married,336589,own,2,2,2021-02-19 09:39:25,6473
CUST-670373,2017-10-18 11:31:16,F,42,married,430196,own,0,1,2021-06-07 18:55:06,6030
CUST-832674,2018-10-03 02:39:55,F,25,unmarried,199329,rent,5,3,2021-10-06 09:51:20,4170
CUST-309782,2017-02-19 07:20:44,M,29,married,276381,own,5,4,2021-02-05 14:51:46,2633
CUST-731097,2021-05-04 08:03:08,F,20,unmarried,176382,rent,3,5,2021-10-20 07:19:23,3633
CUST-021398,2017-08-08 21:24:46,F,26,married,194111,rent,0,4,2021-09-04 21:12:23,3671
CUST-536796,2021-05-30 17:28:15,M,52,married,326627,own,1,5,2021-02-04 07:37:21,2852
CUST-721485,2021-12-02 04:13:10,F,25,unmarried,214680,rent,4,2,2021-12-21 08:42:01,5248
CUST-486946,2018-04-22 09:39:42,M,26,married,171315,rent,0,1,2021-04-15 19:14:25,3208
CUST-072017,2019-09-13 07:16:31,F,21,married,393839,own,3,0,2021-09-24 16:26:36,5002
CUST-233358,2018-10-02 11:54:48,M,32,married,223184,rent,3,3,2021-01-30 16:22:14,2399
CUST-030065,2020-12-26 07:25:07,F,45,married,465122,unknown,5,4,2021-12-30 10:14:52,4597
CUST-282967,2021-07-07 07:17:17,M,48,unmarried,152296,own,0,0,2021-08-02 05:10:30,2195
CUST-735254,2018-05-16 20:57:36,F,51,married,256041,own,5,2,2021-09-04 19:01:26,6814
CUST-901095,2021-02-24 02:44:38,F,33,married,315118,rent,4,2,2021-02-19 04:39:29,1967
CUST-892136,2018-06-23 17:19:15,F,30,married,253269,own,3,1,2021-12-27 07:54:07,6816
CUST-531762,2017-08-04 17:46:19,F,30,married,263890,rent,4,1,2021-02-07 20:49:59,4595
CUST-300636,2018-01-23 15:06:56,F,35,married,365704,own,2,1,2021-09-12 21:16:31,6688
CUST-286702,2018-09-12 17:59:35,F,26,married,465146,own,1,5,2021-11-29 17:46:28,6281
CUST-167703,2018-06-01 11:25:29,F,42,married,231118,rent,5,3,2021-11-15 09:56:57,5123
CUST-428704,2021-01-03 16:33:58,M,51,unmarried,423430,own,1,0,2021-10-01 06:50:13,3793
CUST-545055,2021-11-27 06:57:48,M,50,married,407516,own,0,0,2021-02-18 17:13:59,3301
CUST-674837,2019-12-15 08:38:35,F,29,married,272873,own,4,5,2021-02-05 02:33:09,6060
CUST-974127,2017-07-19 18:54:06,F,32,unmarried,222658,own,3,0,2021-07-06 03:13:46,2057
CUST-177390,2021-10-01 14:29:03,F,55,married,484857,own,4,4,2021-11-13 02:42:10,6074
CUST-181686,2017-09-18 20:45:29,M,55,married,423631,own,4,1,2021-12-01 02:25:09,2141
CUST-941835,2018-12-20 02:52:48,F,45,married,345655,own,2,0,2021-12-31 01:37:27,5508
CUST-904479,2021-11-17 15:37:15,M,45,married,198171,own,5,3,2021-01-05 06:29:30,5368
CUST-672656,2019-05-02 00:39:49,F,27,married,433562,own,2,0,2021-04-17 13:44:03,5143
CUST-764283,2017-10-17 17:20:01,F,50,married,474584,own,2,3,2021-11-06 08:08:40,5950
CUST-637003,2018-03-05 06:36:42,F,38,married,101089,rent,2,0,2021-12-17 21:31:36,3898
CUST-773066,2017-10-23 16:36:08,F,52,married,438323,rent,0,1,2021-06-09 04:49:59,2270
CUST-342516,2018-01-24 02:10:05,F,23,married,343041,own,2,4,2021-06-15 02:10:18,7285
CUST-959375,2021-01-29 08:56:11,M,21,married,159356,own,3,2,2021-05-23 22:40:42,2275
CUST-625756,2020-12-18 02:49:29,F,48,married,226634,own,3,5,2021-04-24 17:41:28,2869
CUST-492297,2017-10-03 23:21:24,F,42,married,217028,own,3,5,2021-06-07 20:45:19,3058
CUST-420755,2020-03-07 00:31:21,M,29,married,390473,rent,2,4,2021-01-07 01:56:54,2634
CUST-147287,2018-03-22 02:12:08,F,21,unmarried,394974,own,2,2,2021-07-20 04:38:27,4156
CUST-821876,2017-06-20 08:52:13,M,29,married,233909,rent,4,1,2021-12-08 07:38:51,4369
CUST-410526,2021-08-26 06:19:11,F,42,married,271340,own,3,3,2021-02-24 23:15:22,5040
CUST-173543,2019-08-18 07:26:29,M,22,unmarried,400834,own,2,1,2021-07-18 09:53:23,5171
CUST-719563,2019-05-21 06:20:23,F,26,married,483356,own,1,0,2021-06-07 00:07:57,5209
CUST-227062,2020-04-09 16:46:22,M,45,married,254186,own,0,4,2021-10-17 11:38:08,5278
CUST-036473,2019-01-02 05:11:59,F,41,unmarried,126973,own,3,3,2021-05-31 04:07:37,1710
CUST-521257,2018-01-19 17:24:06,F,44,unmarried,156886,own,4,0,2021-11-22 12:25:40,3591
CUST-477772,2019-01-30 14:55:51,F,31,unmarried,265735,own,2,3,2021-09-08 11:33:50,1577
CUST-404552,2019-04-19 06:15:41,F,38,unmarried,157337,rent,0,1,2021-06-27 09:06:52,1900
CUST-741252,2018-10-01 07:08:08,M,40,married,189888,own,3,5,2021-06-30 21:35:39,2472
CUST-645369,2018-08-03 14:15:44,F,46,unmarried,218242,own,5,0,2021-12-09 15:04:11,3214
CUST-974327,2021-04-03 01:56:52,F,45,married,159960,rent,1,1,2021-07-02 21:09:43,3503
CUST-319447,2019-09-20 04:15:28,F,41,married,425305,own,2,3,2021-10-03 03:04:38,5165
CUST-686002,2017-06-07 19:53:21,M,47,married,146859,own,4,5,2021-09-23 23:22:38,2236
CUST-609718,2020-06-17 16:31:59,F,45,married,320616,unknown,1,4,2021-04-24 22:11:13,2495
CUST-776053,2017-03-15 09:32:50,M,52,unmarried,359816,own,2,2,2021-09-21 19:03:48,5122
CUST-608428,2021-05-07 22:28:30,F,22,married,196059,rent,3,4,2021-01-13 22:13:18,4365
CUST-574845,2019-07-22 04:24:12,F,53,married,205972,own,1,2,2021-11-15 03:41:26,5335
CUST-881956,2017-04-18 09:34:29,F,40,married,135183,unknown,5,0,2021-07-03 03:45:02,3746
CUST-284963,2020-05-31 18:52:46,F,55,unmarried,277037,own,5,4,2021-09-13 03:24:37,5239
CUST-857425,2019-11-02 00:11:06,F,29,married,385520,unknown,5,4,2021-08-09 08:05:32,1852
CUST-861678,2020-06-22 06:58:39,F,38,married,223668,rent,1,1,2021-02-07 17:46:18,2165
CUST-652008,2018-04-16 10:48:02,F,41,married,394098,own,3,0,2021-03-28 22:07:51,7264
CUST-347097,2019-05-31 04:47:45,F,39,married,395407,rent,3,0,2021-04-03 07:25:52,2331
CUST-582548,2021-01-15 08:37:32,F,49,married,263389,own,5,3,2021-06-28 19:13:42,5582
CUST-224189,2019-10-05 02:45:03,M,29,married,398773,own,3,5,2021-01-17 07:44:25,3045
CUST-439529,2018-08-19 20:18:05,M,37,unmarried,298564,own,1,0,2021-02-28 21:07:35,5194
CUST-948609,2017-03-08 13:13:49,F,36,married,355289,rent,5,4,2021-11-29 20:48:08,3770
CUST-748257,2020-11-12 06:51:41,F,37,unmarried,370173,unknown,3,3,2021-03-02 20:31:00,4038
CUST-528202,2021-02-20 10:04:26,F,47,married,281405,own,0,1,2021-02-22 21:51:59,6800
CUST-907201,2018-01-20 04:44:39,F,47,married,256930,rent,5,3,2021-03-21 01:35:43,4860
CUST-533397,2021-10-26 22:21:01,F,35,unmarried,229959,unknown,5,3,2021-12-03 20:26:02,4610
CUST-591404,2021-08-18 15:02:18,F,50,married,475267,own,4,3,2021-05-18 18:29:24,5099
CUST-247858,2018-07-25 20:15:38,M,41,married,348892,own,3,1,2021-11-12 16:48:59,3788
CUST-856328,2020-05-07 22:37:11,F,21,married,442967,own,5,2,2021-01-08 07:39:16,6474
CUST-799074,2020-08-10 07:07:31,F,43,married,339691,own,5,4,2021-05-30 10:46:06,6631
CUST-903529,2019-11-25 06:48:23,M,37,married,69733,own,2,0,2021-08-10 21:05:02,2092
CUST-120131,2019-08-11 12:08:19,F,40,married,171024,rent,0,4,2021-06-17 01:06:51,1715
CUST-597686,2020-07-26 15:16:06,F,34,unmarried,412969,own,4,0,2021-10-30 02:48:07,3170
CUST-955603,2017-04-03 14:22:10,F,20,married,328496,own,0,5,2021-11-08 18:43:15,7174
CUST-053613,2021-06-09 22:58:18,F,43,married,267712,own,1,5,2021-03-08 18:45:46,5965
CUST-357363,2020-07-05 22:13:10,F,55,unmarried,107564,unknown,1,5,2021-11-04 19:12:54,2635
CUST-081921,2020-01-13 17:14:36,F,34,unmarried,284890,own,1,3,2021-11-30 07:59:20,4869
CUST-717377,2018-01-12 13:35:40,F,28,married,355744,own,1,4,2021-02-06 23:10:20,4939
CUST-623305,2020-09-04 04:21:28,F,24,married,220342,unknown,3,3,2021-08-04 21:47:10,3297
CUST-483291,2021-10-26 23:23:03,M,31,married,328658,rent,3,1,2021-10-12 00:17:57,3160
CUST-252817,2017-10-28 14:50:53,F,25,married,346581,own,3,5,2021-12-15 14:37:19,6870
CUST-318701,2021-11-28 22:39:01,F,40,unmarried,389087,rent,5,1,2021-04-13 14:31:32,3098
CUST-095579,2020-12-28 12:16:58,F,34,married,440784,own,3,1,2021-01-01 23:36:42,7293
CUST-707362,2021-02-24 16:05:11,F,56,married,141407,rent,5,3,2021-01-04 12:22:06,3661
CUST-164456,2018-12-30 06:31:14,F,37,married,421398,rent,0,1,2021-01-24 12:58:17,3722
CUST-486468,2019-05-24 00:51:38,F,27,married,290927,own,5,0,2021-06-08 16:35:19,5564
CUST-595511,2020-06-11 15:49:24,M,39,unmarried,457095,own,4,1,2021-02-19 10:51:30,4393
CUST-873432,2021-07-01 14:06:12,F,31,married,309425,own,0,3,2021-06-22 09:32:29,5471
CUST-235230,2019-11-09 16:03:44,F,55,unmarried,354363,rent,0,0,2021-08-23 09:46:01,1838
CUST-424767,2020-12-18 00:53:20,M,30,married,297980,rent,1,0,2021-10-21 22:33:01,4761
CUST-365089,2018-05-16 02:02:59,F,50,married,263168,own,0,0,2021-08-16 07:22:13,6675
CUST-704150,2020-08-22 06:17:53,F,55,married,254030,rent,1,0,2021-08-18 14:08:52,1553
CUST-905904,2019-02-12 21:38:44,F,35,unmarried,69637,own,2,3,2021-09-15 09:45:06,1562
CUST-634699,2017-03-24 03:47:53,M,30,married,339934,own,2,5,2021-11-03 19:46:27,2708
CUST-285138,2018-12-09 20:09:05,M,30,married,280924,rent,5,5,2021-06-20 15:01:48,3314
CUST-227990,2020-02-08 19:57:49,F,43,married,315311,rent,1,3,2021-02-11 15:23:20,1990
CUST-659614,2018-01-15 07:05:51,F,42,married,340947,own,4,4,2021-06-04 13:42:36,5729
CUST-835764,2021-01-10 01:16:41,F,24,married,231876,unknown,4,2,2021-12-10 06:04:14,4245
CUST-529012,2017-10-29 02:38:51,F,56,married,244328,own,2,5,2021-03-17 19:43:02,4010
CUST-082760,2017-07-12 22:21:24,F,27,married,403884,rent,5,1,2021-11-24 23:40:08,3050
CUST-094098,2017-01-21 11:39:26,F,38,unmarried,354127,rent,4,3,2021-10-27 07:37:51,2298
CUST-880110,2018-10-10 15:46:01,F,50,married,216534,unknown,2,1,2021-09-16 12:23:16,4496
CUST-034722,2021-12-23 08:59:52,F,45,married,241727,rent,3,0,2021-03-10 06:57:23,3931
CUST-591675,2021-05-01 11:35:48,F,54,married,275470,own,5,1,2021-12-25 10:32:34,5007
CUST-113354,2019-02-05 18:51:17,F,31,married,332045,own,1,4,2021-02-04 02:36:09,6438
CUST-036051,2020-10-19 19:04:05,M,44,married,210072,rent,0,0,2021-06-18 15:28:25,2523
CUST-844169,2021-05-06 16:47:45,F,41,unmarried,91988,unknown,0,5,2021-08-07 13:52:16,4049
CUST-107513,2017-09-28 06:11:19,M,39,married,460784,own,2,1,2021-02-15 23:44:39,3640
CUST-470702,2017-04-11 21:12:51,F,45,married,270908,own,1,4,2021-01-13 04:56:14,5198
CUST-406294,2020-01-01 17:28:55,F,31,married,222244,own,5,4,2021-06-05 18:49:17,2828
CUST-186229,2018-12-24 02:23:47,F,26,married,240661,own,0,4,2021-07-01 00:19:37,3917
CUST-330944,2018-12-23 22:33:48,F,27,married,398998,rent,2,3,2021-11-04 12:49:33,5311
CUST-873876,2021-08-23 03:15:01,F,39,married,461992,unknown,3,5,2021-01-28 18:37:38,4878
CUST-751651,2017-10-11 18:24:44,M,43,married,272914,own,2,3,2021-01-09 07:29:22,2912
CUST-039495,2020-03-01 08:58:24,F,26,married,489155,own,4,0,2021-01-06 02:18:35,6205
CUST-038584,2020-10-21 08:08:43,F,23,married,328157,own,4,3,2021-06-04 07:34:44,5546
CUST-937929,2021-10-26 11:02:06,F,52,married,265089,own,0,4,2021-08-10 18:57:30,5738
CUST-259827,2018-03-08 10:54:56,F,47,married,318627,own,3,4,2021-01-18 00:27:31,6626
CUST-441125,2018-02-23 16:33:53,F,22,unmarried,279847,rent,2,1,2021-08-16 09:17:58,4011
CUST-127558,2017-03-24 16:53:52,F,28,married,475016,rent,0,2,2021-05-11 19:43:32,3468
CUST-695266,2017-03-19 15:30:43,M,45,married,482692,own,2,2,2021-06-07 02:31:42,3690
CUST-123475,2021-11-17 13:38:10,F,49,unmarried,480779,rent,0,4,2021-08-23 20:55:42,4989
CUST-592468,2021-04-07 14:03:37,M,39,married,154773,own,1,1,2021-06-23 07:44:13,3604
CUST-334095,2017-10-05 13:28:45,F,53,married,448985,unknown,4,5,2021-07-21 16:30:58,3688
CUST-272381,2019-08-16 18:56:22,M,52,married,428808,own,3,5,2021-08-10 22:40:10,2799
CUST-450456,2017-06-06 06:45:45,F,40,unmarried,161100,own,5,5,2021-07-13 17:12:08,1656
CUST-805782,2019-03-16 07:45:51,F,35,unmarried,326891,own,4,5,2021-04-05 12:39:46,2538
CUST-384949,2021-09-16 04:45:18,F,20,married,469882,own,2,4,2021-03-16 08:12:20,5648
CUST-073516,2017-03-29 03:54:33,F,27,married,236788,own,4,1,2021-08-21 20:01:15,4531
CUST-382257,2020-08-04 08:40:54,F,22,unmarried,440427,own,4,3,2021-02-25 03:33:53,4469
CUST-745799,2021-10-17 01:05:26,F,35,married,421636,rent,4,1,2021-10-18 23:15:03,4160
CUST-907848,2018-03-10 04:54:44,F,30,married,109955,rent,0,1,2021-10-06 13:59:55,4761
CUST-619378,2018-12-17 13:39:40,M,52,married,136681,own,1,3,2021-10-19 13:25:13,2549
CUST-364855,2020-10-15 05:04:19,F,45,unmarried,251649,own,4,5,2021-08-11 04:16:06,4226
CUST-275753,2021-07-05 08:16:32,F,22,unmarried,231135,rent,0,1,2021-01-30 18:56:43,5053
CUST-544952,2017-04-11 06:00:41,M,27,unmarried,125641,rent,3,4,2021-01-29 21:54:03,3548
CUST-576702,2020-01-09 06:23:25,F,24,married,328236,own,4,5,2021-11-13 21:34:54,5632
CUST-553780,2017-02-19 14:47:52,F,56,married,318452,rent,1,3,2021-01-05 04:31:07,3152
CUST-486529,2020-02-12 06:21:56,F,43,married,251115,own,0,5,2021-04-29 04:48:21,5230
CUST-959306,2017-02-14 05:09:44,F,46,married,266537,own,0,2,2021-05-23 22:32:52,6907
CUST-060926,2019-11-05 11:25:00,F,42,married,450774,unknown,3,2,2021-05-17 04:26:54,3114
CUST-771679,2018-06-02 23:27:04,F,49,married,271337,own,0,5,2021-11-16 19:05:46,7225
CUST-443378,2019-08-14 00:50:07,F,45,unmarried,126056,own,4,1,2021-09-21 21:15:24,2555
CUST-977289,2017-01-26 22:41:03,F,54,unmarried,400530,rent,3,4,2021-09-28 23:33:01,1989
CUST-253735,2021-11-29 13:39:42,M,43,married,376184,own,1,2,2021-10-22 08:55:11,3923
CUST-765407,2018-02-21 18:17:44,F,51,married,111353,rent,2,0,2021-01-07 10:54:10,2176
CUST-686391,2019-06-19 22:25:19,F,31,married,245248,own,3,3,2021-09-29 01:52:33,2797
CUST-923731,2019-05-17 00:28:15,F,34,married,432297,own,2,0,2021-06-07 21:11:33,5721
CUST-382409,2017-01-26 21:55:20,M,24,married,354976,own,2,1,2021-11-29 13:46:02,4792
CUST-795710,2017-04-04 11:08:59,M,55,married,389481,unknown,5,2,2021-11-28 12:15:57,3041
CUST-821368,2018-02-04 08:48:35,F,48,unmarried,444380,own,2,0,2021-06-06 04:34:18,1608
CUST-877097,2020-04-15 18:13:48,M,31,married,226643,own,2,4,2021-05-24 04:48:37,2032
CUST-106522,2020-05-16 23:59:42,F,23,unmarried,419223,own,1,2,2021-05-14 13:48:43,1769
CUST-326570,2018-04-17 14:06:06,F,48,married,420386,rent,3,2,2021-08-07 14:02:43,2578
CUST-547463,2021-05-12 14:36:56,M,34,married,269368,rent,4,2,2021-05-24 00:06:38,3048
CUST-163612,2018-10-25 04:03:34,F,28,unmarried,316273,rent,2,5,2021-11-25 18:08:42,2388
CUST-706701,2019-05-03 07:53:08,M,23,married,248009,own,1,4,2021-10-04 03:11:04,2738
CUST-069600,2019-02-25 20:33:19,F,30,married,354504,own,4,5,2021-03-17 11:41:19,5461
CUST-581029,2021-09-08 01:58:38,F,53,married,275480,own,4,2,2021-05-26 03:04:20,6173
CUST-910428,2018-03-26 12:12:15,F,50,unmarried,450928,own,4,3,2021-10-24 06:07:42,4470
CUST-840347,2018-03-16 20:23:21,F,54,married,255606,own,0,1,2021-08-02 06:30:12,6041
CUST-326241,2017-12-31 14:52:07,F,33,married,153731,rent,0,2,2021-09-27 06:52:26,4295
CUST-995258,2018-05-22 05:23:47,M,53,married,425707,rent,4,4,2021-01-29 12:44:57,3078
CUST-125407,2018-09-19 19:40:01,M,44,married,222516,unknown,2,5,2021-02-23 00:47:15,1650
CUST-455115,2018-02-08 11:28:36,M,47,married,171990,unknown,4,0,2021-09-14 19:30:23,4578
CUST-542922,2020-04-27 09:48:28,F,23,married,409987,own,0,3,2021-03-02 23:59:59,5498
CUST-027884,2019-01-01 12:43:29,F,43,married,341888,own,5,0,2021-12-01 19:01:05,7242
CUST-034977,2019-09-15 15:15:08,F,50,married,280337,rent,2,2,2021-02-21 11:20:19,3564
CUST-943553,2017-12-07 07:11:37,F,29,unmarried,76900,own,2,1,2021-04-18 04:56:56,2322
CUST-265884,2020-01-10 07:05:28,F,44,unmarried,215873,own,2,0,2021-04-04 09:05:24,1784
CUST-099616,2019-10-20 00:22:01,F,34,married,398209,own,4,3,2021-07-15 01:22:49,6001
CUST-575837,2021-04-22 18:17:38,F,47,married,455990,own,4,3,2021-04-29 07:51:46,5080
CUST-462171,2017-03-30 09:11:17,M,26,married,370911,own,0,1,2021-11-16 20:24:43,3721
CUST-842915,2021-07-23 21:08:59,M,45,married,200981,own,4,1,2021-10-26 00:43:59,2103
CUST-940295,2020-10-10 11:49:24,M,24,married,172343,own,3,0,2021-03-27 03:59:36,4109
CUST-331118,2019-06-26 19:12:20,F,56,married,277285,own,1,2,2021-01-05 14:18:02,5828
CUST-255250,2021-12-09 02:50:35,F,28,married,390434,own,4,1,2021-06-18 09:43:13,5625
CUST-382024,2019-08-04 23:43:27,M,28,married,453641,rent,2,3,2021-09-03 23:35:24,2490
CUST-405678,2018-12-11 01:34:17,M,40,married,280582,rent,5,4,2021-09-04 08:41:54,1618
CUST-295406,2019-02-03 10:17:32,F,41,married,361625,own,0,2,2021-11-07 04:01:57,6891
CUST-564373,2021-08-06 01:13:13,M,42,married,68237,unknown,0,0,2021-12-21 01:56:19,3603
CUST-786787,2020-08-06 04:44:26,F,44,married,257602,own,4,0,2021-07-16 21:45:50,5492
CUST-467584,2018-09-19 13:44:46,M,44,married,104263,own,3,3,2021-01-25 16:20:35,4165
CUST-710418,2018-01-12 07:19:55,F,34,married,296784,own,5,1,2021-12-17 04:06:47,5062
CUST-743170,2017-11-21 19:11:00,F,53,unmarried,307852,own,1,1,2021-10-14 01:51:30,4851
CUST-641222,2021-10-19 07:55:14,F,34,married,359552,own,5,3,2021-12-01 03:55:21,5290
CUST-750843,2021-09-08 20:08:45,F,25,married,381640,rent,4,5,2021-11-07 04:39:08,2198
CUST-713918,2020-02-29 11:31:52,F,48,unmarried,484396,own,2,4,2021-05-19 04:38:23,5311
CUST-212759,2019-08-05 19:24:54,F,46,married,460510,own,4,5,2021-10-17 22:35:20,5904
CUST-348808,2018-07-25 00:15:26,F,34,married,213556,own,0,5,2021-02-28 22:27:56,4600
CUST-720010,2019-08-22 12:46:02,F,25,married,261716,unknown,3,0,2021-07-07 17:21:48,4688
CUST-388712,2017-09-18 10:58:19,F,21,married,455447,own,4,0,2021-12-31 12:26:49,7094
CUST-207781,2019-07-18 05:36:27,M,22,married,375776,own,1,2,2021-11-07 16:48:06,4172
CUST-983947,2017-08-07 05:38:43,M,52,married,114428,rent,1,4,2021-04-12 23:06:04,3759
CUST-616678,2017-02-24 00:35:57,F,42,married,305623,own,4,3,2021-10-08 22:28:06,7039
CUST-471974,2017-07-29 13:39:48,F,53,married,443764,own,1,1,2021-08-12 17:16:11,6947
CUST-129372,2020-06-01 06:46:44,F,46,married,106006,rent,5,3,2021-06-08 02:49:28,3250
CUST-673504,2018-01-17 06:38:15,F,45,married,398065,own,4,3,2021-06-13 05:58:51,6357
CUST-130614,2017-03-16 19:20:53,F,20,married,264239,rent,5,4,2021-04-02 21:32:24,3693
CUST-895154,2021-10-26 09:50:22,F,40,married,482936,own,2,2,2021-08-11 10:50:28,5136
CUST-369935,2017-05-11 18:35:43,F,35,married,361087,own,0,2,2021-02-27 11:17:42,5307
CUST-309496,2017-05-16 05:34:46,F,21,married,149482,rent,0,1,2021-11-09 03:21:23,5116
CUST-713787,2018-01-23 05:08:29,F,51,married,263895,own,0,0,2021-06-21 07:19:15,5095
CUST-111216,2017-04-09 16:05:02,M,55,unmarried,77752,own,3,1,2021-04-30 05:37:39,3579
CUST-767227,2019-09-18 01:35:08,F,44,married,268379,own,0,1,2021-05-09 18:04:45,6425
CUST-483955,2017-10-17 17:06:50,F,48,married,459443,own,3,1,2021-04-19 00:12:26,4931
CUST-673719,2017-03-29 17:26:23,M,35,married,379471,own,3,2,2021-02-11 13:11:12,1480
CUST-683794,2020-04-06 18:49:03,F,41,married,391479,own,2,4,2021-02-11 16:33:52,6311
CUST-064746,2018-01-27 03:02:23,F,34,married,300248,own,1,4,2021-04-03 06:18:11,5472
CUST-833596,2021-11-05 17:24:39,F,32,married,211326,own,3,0,2021-02-15 10:29:42,3111
CUST-140713,2018-12-14 06:55:08,M,48,married,261049,rent,1,2,2021-12-28 08:27:30,4064
CUST-998173,2017-06-02 02:42:01,F,43,married,457209,own,5,2,2021-01-04 17:12:59,6251
CUST-947479,2018-09-09 22:24:45,M,23,married,139692,unknown,3,4,2021-04-10 17:52:53,2722
CUST-406342,2020-07-27 02:14:58,F,28,married,70880,rent,2,0,2021-07-22 13:23:06,5184
CUST-600678,2019-07-27 11:41:05,M,25,married,389694,own,5,5,2021-06-04 11:17:20,2754
CUST-476655,2017-06-08 09:28:11,F,20,unmarried,282202,own,3,3,2021-03-08 23:21:32,2701
CUST-311122,2017-11-06 01:40:02,F,47,married,119657,rent,1,4,2021-03-13 15:35:18,3948
CUST-729730,2021-05-24 19:20:33,F,54,married,142237,rent,0,2,2021-03-30 02:16:59,2993
CUST-382573,2017-06-01 12:34:10,M,28,married,367516,own,2,4,2021-09-02 01:15:38,1588
CUST-422134,2020-06-17 17:43:30,F,42,married,372669,own,5,4,2021-11-26 12:27:34,5634
CUST-071736,2018-02-16 14:21:36,F,31,unmarried,348449,rent,3,3,2021-04-05 09:09:52,3320
CUST-829292,2017-09-26 17:12:37,F,53,married,209481,own,1,5,2021-08-05 07:28:51,4957
CUST-253986,2019-06-05 20:57:52,F,38,unmarried,311185,own,4,4,2021-07-18 06:04:03,1531
CUST-001788,2018-06-18 06:12:40,F,42,married,342855,rent,1,0,2021-12-09 21:41:24,1677
CUST-223406,2020-05-26 06:04:47,F,48,married,356222,own,2,5,2021-07-21 18:11:46,7053
CUST-746929,2020-04-10 07:33:47,F,24,married,237649,own,5,0,2021-04-11 15:06:34,3634
CUST-424985,2020-07-08 02:02:22,F,53,married,271724,own,5,3,2021-01-05 21:43:19,6777
CUST-547132,2017-02-16 15:12:57,F,30,married,386880,own,0,4,2021-04-06 08:15:58,6212
CUST-018174,2020-08-14 03:01:25,M,36,unmarried,316767,own,4,0,2021-03-02 23:53:23,4463
CUST-502598,2021-11-27 20:10:00,F,51,married,308429,rent,3,4,2021-09-04 18:50:53,1483
CUST-247094,2018-03-11 21:51:18,F,23,married,393815,own,2,1,2021-08-30 18:12:12,4946
CUST-607261,2019-12-21 08:30:19,F,46,married,200768,own,1,5,2021-10-07 19:11:13,4756
CUST-680745,2017-02-09 23:19:23,F,37,married,65970,unknown,5,1,2021-09-11 20:04:17,3539
CUST-722534,2018-09-12 11:48:40,F,46,married,482085,unknown,2,3,2021-06-26 01:12:48,5240
CUST-783158,2020-06-17 09:55:31,F,53,married,198490,rent,0,1,2021-04-08 10:53:53,2339
CUST-781996,2018-07-20 03:10:16,F,33,unmarried,233450,own,3,4,2021-06-12 08:00:47,1759
CUST-772691,2021-03-27 07:42:02,F,55,married,465900,own,4,4,2021-01-04 06:16:59,7271
CUST-995580,2018-01-19 07:38:38,M,56,married,108805,own,3,2,2021-10-09 20:34:36,2669
CUST-508023,2021-05-14 01:51:28,F,41,married,386231,rent,0,5,2021-01-19 14:00:45,2752
CUST-726883,2021-01-21 17:01:42,F,51,married,241566,own,3,4,2021-10-16 07:18:40,2120
CUST-801093,2017-07-11 05:31:14,F,25,unmarried,120996,rent,0,1,2021-07-14 13:53:46,4455
CUST-301167,2019-09-13 03:11:12,M,39,married,402833,rent,5,0,2021-08-15 13:57:45,4223
CUST-660996,2019-03-06 22:30:16,F,53,married,445603,own,2,1,2021-05-10 16:53:10,7006
CUST-777425,2021-03-03 08:46:26,F,50,unmarried,384413,own,2,3,2021-07-14 18:52:54,5132
CUST-467343,2019-03-06 12:55:43,F,35,married,201030,own,3,4,2021-07-12 00:09:18,1603
CUST-993246,2020-04-22 12:46:11,F,50,married,369701,own,3,1,2021-01-12 15:21:33,5388
CUST-019479,2020-04-24 03:41:54,F,45,married,235446,unknown,0,1,2021-01-04 12:00:02,3187
CUST-150129,2021-05-06 05:52:58,M,38,married,159821,own,0,1,2021-01-03 10:34:32,2588
CUST-958767,2019-12-15 17:03:43,F,42,unmarried,115694,rent,0,4,2021-05-01 23:03:36,4115
CUST-492612,2018-02-18 05:44:20,M,53,unmarried,470066,own,2,0,2021-06-22 22:00:21,3708
CUST-356777,2018-04-10 09:30:13,F,35,married,450663,own,2,3,2021-04-26 20:08:36,5880
CUST-950436,2018-06-02 00:52:32,F,52,married,345966,own,0,5,2021-04-29 18:51:45,6570
CUST-055678,2017-01-19 02:58:21,F,28,married,397554,own,3,2,2021-05-22 19:54:04,6197
CUST-297358,2019-06-14 12:15:47,F,50,married,352801,rent,3,1,2021-07-25 12:58:43,2901
CUST-531234,2017-10-27 16:40:19,F,23,married,238784,own,3,3,2021-07-10 03:36:29,3307
CUST-310204,2021-10-23 10:53:39,F,42,married,335777,own,1,3,2021-05-30 16:53:51,7037
CUST-655647,2021-09-14 00:22:00,F,31,married,427426,own,0,1,2021-03-22 10:15:58,7285
CUST-939335,2020-02-25 13:36:15,F,44,married,278143,rent,0,0,2021-11-05 15:20:39,2341
CUST-101893,2019-08-06 23:54:45,F,29,married,320093,own,4,4,2021-04-12 13:48:49,6884
CUST-148800,2018-09-12 14:12:35,M,40,unmarried,348042,unknown,5,2,2021-04-18 13:17:43,3485
CUST-659013,2020-05-20 19:17:08,M,37,married,125306,own,0,2,2021-11-06 17:31:31,1532
CUST-158655,2017-10-03 00:50:52,F,24,unmarried,481778,rent,4,3,2021-09-14 15:24:47,4967
CUST-850937,2020-02-02 11:52:38,F,47,married,244316,own,2,1,2021-04-08 02:12:33,2647
CUST-001720,2017-08-31 09:24:07,M,49,married,437002,own,0,0,2021-11-26 02:29:03,4005
CUST-942276,2020-10-23 01:16:19,M,36,married,258717,own,0,1,2021-10-12 19:23:01,4808
CUST-042527,2018-07-18 10:45:05,M,45,married,94532,rent,0,0,2021-10-10 13:47:59,3857
CUST-395652,2018-02-03 16:00:16,F,21,married,444081,rent,3,1,2021-11-11 04:28:54,3694
CUST-568683,2018-07-08 21:27:27,F,20,married,292275,own,3,0,2021-03-30 17:58:21,7261
CUST-431340,2021-07-01 16:22:01,F,34,unmarried,151899,own,2,3,2021-11-14 03:17:12,1726
CUST-992559,2017-08-31 02:13:03,F,42,married,480710,own,2,5,2021-12-07 11:04:12,5715
CUST-015640,2020-10-13 18:10:21,M,43,married,244060,own,4,0,2021-12-08 02:38:36,2918
CUST-830098,2018-03-19 17:09:01,F,33,married,422034,own,1,5,2021-07-30 00:38:00,6717
CUST-633870,2021-03-03 04:45:36,F,33,married,214214,own,2,3,2021-08-08 05:31:19,5003
CUST-162837,2019-06-30 12:02:24,F,51,married,315203,own,1,2,2021-03-27 08:34:08,5889
CUST-425825,2018-11-14 03:41:55,F,32,married,281186,own,0,3,2021-12-10 04:08:49,6132
CUST-639948,2017-12-07 09:06:13,M,26,married,142770,own,1,3,2021-11-12 06:22:57,4146
CUST-174223,2019-02-17 23:59:56,F,38,married,368470,own,1,5,2021-06-15 23:17:08,5533
CUST-940738,2021-09-09 11:21:39,M,31,married,280226,rent,3,1,2021-04-26 18:23:39,5285
CUST-956719,2017-09-19 21:18:50,M,36,unmarried,361138,rent,0,5,2021-06-29 05:29:31,2100
CUST-317936,2020-04-13 05:12:51,F,30,unmarried,315193,own,1,3,2021-12-12 06:31:46,5136
CUST-098986,2019-05-04 13:49:58,F,46,married,160163,unknown,5,3,2021-08-02 00:02:39,3510
CUST-250507,2017-06-20 17:16:19,F,41,married,256443,own,3,1,2021-01-14 15:10:50,6013
CUST-651271,2019-09-22 00:41:05,F,22,unmarried,101433,own,4,5,2021-08-12 00:09:03,3149
CUST-172867,2020-12-31 01:08:58,F,38,married,294970,rent,5,5,2021-04-19 19:43:48,1542
CUST-378367,2019-09-15 23:02:42,F,34,married,344550,rent,3,0,2021-10-07 18:32:17,3163
CUST-320847,2017-02-01 17:13:27,F,40,married,293906,unknown,4,3,2021-09-09 13:29:35,3476
CUST-561154,2017-06-22 06:48:33,F,34,married,464751,unknown,5,1,2021-09-20 16:58:16,5059
CUST-728841,2021-03-21 01:02:11,F,22,married,418583,own,2,0,2021-06-01 11:04:37,6717
CUST-585993,2019-11-16 18:07:08,M,47,married,182135,unknown,3,0,2021-08-09 18:12:18,1554
CUST-141996,2021-05-13 11:05:59,F,56,married,297385,own,5,2,2021-05-12 13:58:16,5009
CUST-661519,2021-08-18 15:26:37,F,20,married,144920,rent,3,2,2021-05-30 18:17:12,1532
CUST-224515,2021-09-05 02:31:16,M,22,unmarried,157136,own,5,2,2021-09-02 01:52:50,5171
CUST-698182,2019-09-18 15:16:09,M,25,married,271610,own,4,0,2021-08-20 18:37:12,3476
CUST-678571,2021-05-21 04:32:32,F,55,married,124315,rent,0,0,2021-03-04 16:46:53,3709
CUST-769050,2017-04-14 17:38:01,F,44,unmarried,361947,own,3,5,2021-06-01 00:23:08,2172
CUST-113091,2018-01-13 10:40:42,M,53,married,231378,unknown,1,0,2021-09-24 15:18:41,1687
CUST-729396,2018-10-11 21:10:29,F,46,unmarried,180285,own,2,1,2021-07-06 13:17:32,3853
CUST-208879,2017-12-29 22:50:43,M,53,married,99742,own,4,1,2021-08-15 23:38:04,4864
CUST-894045,2018-11-09 21:03:45,M,54,married,319955,unknown,3,4,2021-08-31 23:17:58,2361
CUST-129654,2019-10-21 20:14:20,F,22,married,121551,unknown,5,1,2021-11-03 03:24:48,1796
CUST-924812,2020-11-24 06:13:36,F,27,married,301275,own,5,2,2021-02-05 10:42:27,5492
CUST-421332,2020-04-16 13:17:32,M,45,unmarried,246675,own,5,5,2021-02-08 04:02:51,3087
CUST-927299,2017-02-10 07:05:22,M,36,married,447369,rent,2,2,2021-02-19 09:49:37,4521
CUST-259775,2020-03-30 16:27:07,F,21,unmarried,199225,rent,4,2,2021-10-17 18:09:58,4385
CUST-339178,2020-06-10 02:47:06,M,45,married,290107,own,3,3,2021-03-17 16:36:44,4038
CUST-842647,2018-06-11 03:36:04,F,26,married,176499,rent,1,1,2021-09-30 03:06:05,2120
CUST-716251,2019-12-27 00:12:44,M,31,unmarried,331286,own,1,4,2021-03-30 06:35:32,3423
CUST-643714,2021-09-22 08:46:35,F,33,married,308060,own,2,3,2021-07-24 09:21:01,5560
CUST-639689,2018-07-30 18:55:59,M,46,married,192332,own,5,2,2021-07-29 04:27:19,3659
